Solution index,Edge index,Total cell-cell edges,Edges colored,Color percentage
0,2599,2661,61,0.022923712889891017
1,2599,2661,61,0.022923712889891017
