Solution index,Edge index,Total cell-cell edges,Edges colored,Color percentage
0,1354,5903,4548,0.7704557004912757
300,1093,5935,4841,0.8156697556866049
600,-1,5935,5935,1.0
