Solution index,Edge index,Total cell-cell edges,Edges colored,Color percentage
13,1138,2438,1299,1.141476274165202
18,1138,2438,1299,1.141476274165202
